Order ID,Date,Product,Price,Quantity,Revenue,Purchase Type,Payment Method,Manager,City
10452,7/11/2022,Fries,$3.49,573.07,"$2,000.01",Online,Gift Card,Tom Jackson,London
10453,7/11/2022,Beverages,$2.95,745.76,"$2,199.99",Online,Gift Card,Pablo Perez,Madrid
10454,7/11/2022,Sides & Other,$4.99,200.4,"$1,000.00",In-Store,Gift Card,Joao Silva,Lisbon
10455,8/11/2022,Burgers,$12.99,569.67,"$7,400.01",In-Store,Credit Card,Walter Muller,Berlin
10456,8/11/2022,Chicken Sandwiches,$9.95,201.01,"$2,000.05",In-Store,Credit Card,Walter Muller,Berlin
10457,8/11/2022,Fries,$3.49,573.07,"$2,000.01",In-Store,Credit Card,Remy Monet,Paris
10459,8/11/2022,Sides & Other,$4.99,200.4,"$1,000.00",In-Store,Credit Card,Walter Muller,Berlin
10460,9/11/2022,Burgers,$12.99,554.27,"$7,199.97",In-Store,Credit Card,Remy Monet,Paris
10461,9/11/2022,Chicken Sandwiches,$9.95,201.01,"$2,000.05",In-Store,Credit Card,Remy Monet,Paris
10462,9/11/2022,Fries,$3.49,573.07,"$2,000.01",In-Store,Credit Card,Remy Monet,Paris
10463,9/11/2022,Beverages,$2.95,677.97,"$2,000.01",In-Store,Credit Card,Remy Monet,Paris
10464,9/11/2022,Sides & Other,$4.99,200.4,"$1,000.00",In-Store,Credit Card,Remy Monet,Paris
10465,10/11/2022,Burgers,$12.99,554.27,"$7,199.97",In-Store,Credit Card,Pablo Perez,Madrid
10466,10/11/2022,Chicken Sandwiches,$9.95,201.01,"$2,000.05",In-Store,Credit Card,Pablo Perez,Madrid
10467,10/11/2022,Fries,$3.49,573.07,"$2,000.01",In-Store,Credit Card,Pablo Perez,Madrid
10468,10/11/2022,Beverages,$2.95,677.97,"$2,000.01",In-Store,Credit Card,Pablo Perez,Madrid
10470,11/11/2022,Burgers,$12.99,554.27,"$7,199.97",In-Store,Credit Card,Pablo Perez,Madrid
10471,11/11/2022,Chicken Sandwiches,$9.95,201.01,"$2,000.05",In-Store,Credit Card,Pablo Perez,Madrid
10472,11/11/2022,Fries,$3.49,630.37,"$2,199.99",In-Store,Credit Card,Pablo Perez,Madrid
10473,11/11/2022,Beverages,$2.95,677.97,"$2,000.01",In-Store,Credit Card,Pablo Perez,Madrid
10474,11/11/2022,Sides & Other,$4.99,200.4,"$1,000.00",In-Store,Credit Card,Pablo Perez,Madrid
10475,12/11/2022,Burgers,$12.99,523.48,"$6,800.01",In-Store,Credit Card,Pablo Perez,Madrid
10476,12/11/2022,Chicken Sandwiches,$9.95,201.01,"$2,000.05",In-Store,Credit Card,Pablo Perez,Madrid
10477,12/11/2022,Fries,$3.49,630.37,"$2,199.99",In-Store,Credit Card,Pablo Perez,Madrid
10478,12/11/2022,Beverages,$2.95,677.97,"$2,000.01",In-Store,Credit Card,Pablo Perez,Madrid
10479,12/11/2022,Sides & Other,$4.99,200.4,"$1,000.00",In-Store,Credit Card,Pablo Perez,Madrid
10480,11/13/2022,Burgers,$12.99,508.08,"$6,599.96",In-Store,Credit Card,Pablo Perez,Madrid
10481,11/13/2022,Chicken Sandwiches,$9.95,201.01,"$2,000.05",In-Store,Credit Card,Pablo Perez,Madrid
10482,11/13/2022,Fries,$25.50,630.37,"$16,074.44",In-Store,Credit Card,Joao Silva,Lisbon
10486,11/14/2022,Chicken Sandwiches,$29.05,201.01,"$5,839.34",In-Store,Credit Card,Joao Silva,Lisbon
10487,11/14/2022,Fries,$3.49,630.37,"$2,199.99",In-Store,Credit Card,Joao Silva,Lisbon
10488,11/14/2022,Beverages,$2.95,677.97,"$2,000.01",In-Store,Credit Card,Joao Silva,Lisbon
10489,11/14/2022,Sides & Other,$4.99,200.4,"$1,000.00",In-Store,Credit Card,Pablo Perez,Madrid
10490,11/15/2022,Burgers,$12.99,508.08,"$6,599.96",In-Store,Credit Card,Pablo Perez,Madrid
10491,11/15/2022,Chicken Sandwiches,$9.95,201.01,"$2,000.05",In-Store,Credit Card,Pablo Perez,Madrid
10492,11/15/2022,Fries,$3.49,573.07,"$2,000.01",In-Store,Credit Card,Pablo Perez,Madrid
10493,11/15/2022,Beverages,$2.95,677.97,"$2,000.01",In-Store,Credit Card,Pablo Perez,Madrid
10494,11/15/2022,Sides & Other,$4.99,200.4,"$1,000.00",In-Store,Credit Card,Pablo Perez,Madrid
10495,11/16/2022,Burgers,$12.99,508.08,"$6,599.96",In-Store,Credit Card,Pablo Perez,Madrid
10496,11/16/2022,Chicken Sandwiches,$9.95,201.01,"$2,000.05",In-Store,Credit Card,Pablo Perez,Madrid
10497,11/16/2022,Fries,$3.49,573.07,"$2,000.01",In-Store,Credit Card,Pablo Perez,Madrid
10498,11/16/2022,Beverages,$2.95,677.97,"$2,000.01",Drive-Thru,Credit Card,Pablo Perez,Madrid
10499,11/16/2022,Sides & Other,$4.99,200.4,"$1,000.00",Drive-Thru,Credit Card,Pablo Perez,Madrid
10500,11/17/2022,Burgers,$12.99,523.48,"$6,800.01",Drive-Thru,Credit Card,Pablo Perez,Madrid
10501,11/17/2022,Chicken Sandwiches,$9.95,201.01,"$2,000.05",Drive-Thru,Credit Card,Pablo Perez,Madrid
10502,11/17/2022,Fries,$3.49,630.37,"$2,199.99",Drive-Thru,Credit Card,Pablo Perez,Madrid
10503,11/17/2022,Beverages,$2.95,677.97,"$2,000.01",Drive-Thru,Credit Card,Pablo Perez,Madrid
10504,11/17/2022,Sides & Other,$4.99,200.4,"$1,000.00",Drive-Thru,Credit Card,Pablo Perez,Madrid
10505,11/18/2022,Burgers,$12.99,538.88,"$7,000.05",Drive-Thru,Credit Card,Pablo Perez,Madrid
10506,11/18/2022,Chicken Sandwiches,$9.95,201.01,"$2,000.05",Drive-Thru,Credit Card,Pablo Perez,Madrid
10507,11/18/2022,Fries,$3.49,687.68,"$2,400.00",Drive-Thru,Credit Card,Pablo Perez,Madrid
10508,11/18/2022,Beverages,$2.95,677.97,"$2,000.01",Drive-Thru,Credit Card,Pablo Perez,Madrid
10509,11/18/2022,Sides & Other,$4.99,200.4,"$1,000.00",Drive-Thru,Credit Card,Pablo Perez,Madrid
10510,11/19/2022,Burgers,$12.99,508.08,"$6,599.96",Drive-Thru,Credit Card,Pablo Perez,Madrid
10511,11/19/2022,Chicken Sandwiches,$9.95,201.01,"$2,000.05",Drive-Thru,Credit Card,Joao Silva,Lisbon
10512,11/19/2022,Fries,$3.49,687.68,"$2,400.00",Drive-Thru,Credit Card,Joao Silva,Lisbon
10513,11/19/2022,Beverages,$2.95,677.97,"$2,000.01",Drive-Thru,Cash,Joao Silva,Lisbon
10514,11/19/2022,Sides & Other,$4.99,200.4,"$1,000.00",Drive-Thru,Cash,Joao Silva,Lisbon
10515,11/20/2022,Burgers,$12.99,477.29,"$6,200.00",Drive-Thru,Cash,Joao Silva,Lisbon
10516,11/20/2022,Chicken Sandwiches,$9.95,201.01,"$2,000.05",Drive-Thru,Cash,Joao Silva,Lisbon
10483,11/13/2022,Beverages,$2.95,677.97,"$2,000.01",In-Store,Credit Card,Joao Silva,Lisbon
10484,11/13/2022,Sides & Other,$4.99,200.4,"$1,000.00",In-Store,Credit Card,Joao Silva,Lisbon
10485,11/14/2022,Burgers,$12.99,523.48,"$6,800.01",In-Store,Credit Card,Joao Silva,Lisbon
10520,11/21/2022,Burgers,$12.99,492.69,"$6,400.04",Drive-Thru,Cash,Remy Monet,Paris
10521,11/21/2022,Chicken Sandwiches,$9.95,201.01,"$2,000.05",Drive-Thru,Cash,Remy Monet,Paris
10522,11/21/2022,Fries,$3.49,687.68,"$2,400.00",Drive-Thru,Cash,Remy Monet,Paris
10523,11/21/2022,Beverages,$2.95,745.76,"$2,199.99",Drive-Thru,Cash,Remy Monet,Paris
10524,11/21/2022,Sides & Other,$4.99,200.4,"$1,000.00",Drive-Thru,Cash,Remy Monet,Paris
10525,11/22/2022,Burgers,$12.99,461.89,"$5,999.95",Drive-Thru,Cash,Remy Monet,Paris
10526,11/22/2022,Chicken Sandwiches,$9.95,201.01,"$2,000.05",Drive-Thru,Cash,Remy Monet,Paris
10527,11/22/2022,Fries,$3.49,687.68,"$2,400.00",Drive-Thru,Cash,Remy Monet,Paris
10528,11/22/2022,Beverages,$2.95,745.76,"$2,199.99",Drive-Thru,Cash,Remy Monet,Paris
10529,11/22/2022,Sides & Other,$4.99,200.4,"$1,000.00",Drive-Thru,Cash,Remy Monet,Paris
10530,11/23/2022,Burgers,$12.99,477.29,"$6,200.00",Drive-Thru,Cash,Remy Monet,Paris
10531,11/23/2022,Chicken Sandwiches,$9.95,201.01,"$2,000.05",Drive-Thru,Cash,Remy Monet,Paris
10532,11/23/2022,Fries,$3.49,687.68,"$2,400.00",Drive-Thru,Cash,Joao Silva,Lisbon
10533,11/23/2022,Beverages,$2.95,745.76,"$2,199.99",Drive-Thru,Cash,Joao Silva,Lisbon
10534,11/23/2022,Sides & Other,$4.99,200.4,"$1,000.00",Drive-Thru,Cash,Pablo Perez,Madrid
10535,11/24/2022,Burgers,$12.99,477.29,"$6,200.00",Drive-Thru,Credit Card,Pablo Perez,Madrid
10536,11/24/2022,Chicken Sandwiches,$9.95,201.01,"$2,000.05",Drive-Thru,Credit Card,Pablo Perez,Madrid
10540,11/25/2022,Burgers,$12.99,461.89,"$5,999.95",Drive-Thru,Credit Card,Pablo Perez,Madrid
10541,11/25/2022,Chicken Sandwiches,$9.95,201.01,"$2,000.05",Drive-Thru,Credit Card,Tom Jackson,London
10542,11/25/2022,Fries,$3.49,630.37,"$2,199.99",Drive-Thru,Credit Card,Tom Jackson,London
10543,11/25/2022,Beverages,$2.95,745.76,"$2,199.99",Drive-Thru,Credit Card,Tom Jackson,London
10544,11/25/2022,Sides & Other,$4.99,200.4,"$1,000.00",Drive-Thru,Credit Card,Tom Jackson,London
10545,11/26/2022,Burgers,$12.99,446.5,"$5,800.04",Drive-Thru,Credit Card,Tom Jackson,London
10546,11/26/2022,Chicken Sandwiches,$9.95,201.01,"$2,000.05",Drive-Thru,Credit Card,Tom Jackson,London
10547,11/26/2022,Fries,$3.49,630.37,"$2,199.99",Drive-Thru,Credit Card,Tom Jackson,London
10548,11/26/2022,Beverages,$2.95,745.76,"$2,199.99",Drive-Thru,Credit Card,Tom Jackson,London
10549,11/26/2022,Sides & Other,$4.99,200.4,"$1,000.00",Drive-Thru,Credit Card,Tom Jackson,London
10550,11/27/2022,Burgers,$12.99,461.89,"$5,999.95",Drive-Thru,Credit Card,Tom Jackson,London
10551,11/27/2022,Chicken Sandwiches,$9.95,201.01,"$2,000.05",Drive-Thru,Credit Card,Tom Jackson,London
10552,11/27/2022,Fries,$3.49,630.37,"$2,199.99",Online,Credit Card,Tom Jackson,London
10553,11/27/2022,Beverages,$2.95,745.76,"$2,199.99",Online,Credit Card,Tom Jackson,London
10554,11/27/2022,Sides & Other,$4.99,200.4,"$1,000.00",Online,Credit Card,Tom Jackson,London
10555,11/28/2022,Burgers,$12.99,477.29,"$6,200.00",Online,Credit Card,Tom Jackson,London
10556,11/28/2022,Chicken Sandwiches,$9.95,201.01,"$2,000.05",Online,Credit Card,Tom Jackson,London
10557,11/28/2022,Fries,$3.49,630.37,"$2,199.99",Online,Credit Card,Tom Jackson,London
10558,11/28/2022,Beverages,$2.95,677.97,"$2,000.01",Online,Credit Card,Tom Jackson,London
10559,11/28/2022,Sides & Other,$4.99,200.4,"$1,000.00",Online,Credit Card,Tom Jackson,London
10560,11/29/2022,Burgers,$12.99,477.29,"$6,200.00",Online,Credit Card,Tom Jackson,London
10561,11/29/2022,Chicken Sandwiches,$9.95,201.01,"$2,000.05",Online,Credit Card,Tom Jackson,London
10562,11/29/2022,Fries,$3.49,630.37,"$2,199.99",Online,Credit Card,Tom Jackson,London
10563,11/29/2022,Beverages,$2.95,677.97,"$2,000.01",Online,Credit Card,Tom Jackson,London
10564,11/29/2022,Sides & Other,$4.99,200.4,"$1,000.00",Online,Credit Card,Tom Jackson,London
10565,11/30/2022,Burgers,$12.99,492.69,"$6,400.04",Online,Credit Card,Tom Jackson,London
10566,11/30/2022,Chicken Sandwiches,$9.95,201.01,"$2,000.05",Online,Credit Card,Tom Jackson,London
10567,11/30/2022,Fries,$3.49,630.37,"$2,199.99",Online,Credit Card,Tom Jackson,London
10568,11/30/2022,Beverages,$2.95,677.97,"$2,000.01",Online,Credit Card,Tom Jackson,London
10569,11/30/2022,Sides & Other,$4.99,200.4,"$1,000.00",Online,Credit Card,Tom Jackson,London
10570,1/12/2022,Burgers,$12.99,492.69,"$6,400.04",Online,Credit Card,Tom Jackson,London
10571,1/12/2022,Chicken Sandwiches,$9.95,201.01,"$2,000.05",Online,Credit Card,Tom Jackson,London
10572,1/12/2022,Fries,$3.49,573.07,"$2,000.01",Online,Credit Card,Remy Monet,Paris
10573,1/12/2022,Beverages,$2.95,677.97,"$2,000.01",Online,Credit Card,Remy Monet,Paris
10574,1/12/2022,Sides & Other,$4.99,200.4,"$1,000.00",Online,Credit Card,Remy Monet,Paris
10575,2/12/2022,Burgers,$12.99,523.48,"$6,800.01",Online,Credit Card,Remy Monet,Paris
10576,2/12/2022,Chicken Sandwiches,$9.95,201.01,"$2,000.05",Online,Credit Card,Remy Monet,Paris
10577,2/12/2022,Fries,$3.49,630.37,"$2,199.99",Online,Credit Card,Remy Monet,Paris
10578,2/12/2022,Beverages,$2.95,677.97,"$2,000.01",Online,Credit Card,Remy Monet,Paris
10579,2/12/2022,Sides & Other,$4.99,200.4,"$1,000.00",Online,Credit Card,Remy Monet,Paris
10580,3/12/2022,Burgers,$12.99,523.48,"$6,800.01",Online,Credit Card,Remy Monet,Paris
10581,3/12/2022,Chicken Sandwiches,$9.95,201.01,"$2,000.05",Online,Credit Card,Remy Monet,Paris
10582,3/12/2022,Fries,$3.49,630.37,"$2,199.99",Online,Credit Card,Tom Jackson,London
10583,3/12/2022,Beverages,$2.95,677.97,"$2,000.01",Online,Credit Card,Tom Jackson,London
10584,3/12/2022,Sides & Other,$4.99,200.4,"$1,000.00",Online,Credit Card,Tom Jackson,London
10585,4/12/2022,Burgers,$12.99,538.88,"$7,000.05",Online,Credit Card,Tom Jackson,London
10586,4/12/2022,Chicken Sandwiches,$9.95,201.01,"$2,000.05",Online,Credit Card,Tom Jackson,London
10537,11/24/2022,Fries,$3.49,630.37,"$2,199.99",Drive-Thru,Credit Card,Pablo Perez,Madrid
10538,11/24/2022,Beverages,$2.95,745.76,"$2,199.99",Drive-Thru,Credit Card,Pablo Perez,Madrid
10539,11/24/2022,Sides & Other,$4.99,200.4,"$1,000.00",Drive-Thru,Credit Card,Pablo Perez,Madrid
10590,5/12/2022,Burgers,$12.99,554.27,"$7,199.97",Online,Credit Card,Tom Jackson,London
10591,5/12/2022,Chicken Sandwiches,$9.95,201.01,"$2,000.05",Online,Credit Card,Tom Jackson,London
10592,5/12/2022,Fries,$3.49,573.07,"$2,000.01",Online,Credit Card,Tom Jackson,London
10593,5/12/2022,Beverages,$2.95,677.97,"$2,000.01",Online,Credit Card,Tom Jackson,London
10594,5/12/2022,Sides & Other,$4.99,200.4,"$1,000.00",Online,Credit Card,Tom Jackson,London
10595,6/12/2022,Burgers,$12.99,538.88,"$7,000.05",Online,Credit Card,Tom Jackson,London
10596,6/12/2022,Chicken Sandwiches,$9.95,201.01,"$2,000.05",Online,Credit Card,Tom Jackson,London
10597,6/12/2022,Fries,$3.49,573.07,"$2,000.01",Online,Credit Card,Tom Jackson,London
10598,6/12/2022,Beverages,$2.95,677.97,"$2,000.01",Online,Credit Card,Tom Jackson,London
10599,6/12/2022,Sides & Other,$4.99,200.4,"$1,000.00",Online,Credit Card,Tom Jackson,London
10600,7/12/2022,Burgers,$12.99,523.48,"$6,800.01",Online,Credit Card,Tom Jackson,London
10601,7/12/2022,Chicken Sandwiches,$9.95,201.01,"$2,000.05",Online,Credit Card,Tom Jackson,London
10602,7/12/2022,Fries,$3.49,630.37,"$2,199.99",Online,Cash,Tom Jackson,London
10603,7/12/2022,Beverages,$2.95,677.97,"$2,000.01",Online,Cash,Tom Jackson,London
10604,7/12/2022,Sides & Other,$4.99,200.4,"$1,000.00",Online,Cash,Tom Jackson,London
10605,8/12/2022,Burgers,$12.99,538.88,"$7,000.05",Online,Cash,Tom Jackson,London
10606,8/12/2022,Chicken Sandwiches,$9.95,201.01,"$2,000.05",Online,Cash,Tom Jackson,London
10607,8/12/2022,Fries,$3.49,630.37,"$2,199.99",Online,Cash,Tom Jackson,London
10608,8/12/2022,Beverages,$2.95,677.97,"$2,000.01",Online,Gift Card,Tom Jackson,London
10609,8/12/2022,Sides & Other,$4.99,200.4,"$1,000.00",Online,Gift Card,Tom Jackson,London
10610,9/12/2022,Burgers,$12.99,569.67,"$7,400.01",Online,Gift Card,Tom Jackson,London
10611,9/12/2022,Chicken Sandwiches,$9.95,201.01,"$2,000.05",Online,Gift Card,Tom Jackson,London
10612,9/12/2022,Fries,$3.49,630.37,"$2,199.99",Online,Gift Card,Tom Jackson,London
10613,9/12/2022,Beverages,$2.95,677.97,"$2,000.01",Online,Gift Card,Tom Jackson,London
10614,9/12/2022,Sides & Other,$4.99,200.4,"$1,000.00",Online,Gift Card,Tom Jackson,London
10615,10/12/2022,Burgers,$12.99,569.67,"$7,400.01",Online,Gift Card,Tom Jackson,London
10616,10/12/2022,Chicken Sandwiches,$9.95,201.01,"$2,000.05",Online,Gift Card,Tom Jackson,London
10617,10/12/2022,Fries,$3.49,630.37,"$2,199.99",Online,Gift Card,Tom Jackson,London
10618,10/12/2022,Beverages,$2.95,677.97,"$2,000.01",Online,Gift Card,Tom Jackson,London
10619,10/12/2022,Sides & Other,$4.99,200.4,"$1,000.00",Online,Gift Card,Tom Jackson,London
10620,11/12/2022,Burgers,$12.99,585.07,"$7,600.06",Online,Gift Card,Tom Jackson,London
10621,11/12/2022,Chicken Sandwiches,$9.95,201.01,"$2,000.05",Online,Gift Card,Tom Jackson,London
10622,11/12/2022,Fries,$3.49,630.37,"$2,199.99",Online,Gift Card,Tom Jackson,London
10623,11/12/2022,Beverages,$2.95,745.76,"$2,199.99",Online,Gift Card,Tom Jackson,London
10624,11/12/2022,Sides & Other,$4.99,200.4,"$1,000.00",Online,Gift Card,Tom Jackson,London
10625,12/12/2022,Burgers,$12.99,569.67,"$7,400.01",Online,Gift Card,Tom Jackson,London
10626,12/12/2022,Chicken Sandwiches,$9.95,201.01,"$2,000.05",Online,Gift Card,Tom Jackson,London
10627,12/12/2022,Fries,$3.49,630.37,"$2,199.99",Online,Gift Card,Tom Jackson,London
10628,12/12/2022,Beverages,$2.95,677.97,"$2,000.01",Online,Gift Card,Joao Silva,Lisbon
10629,12/12/2022,Sides & Other,$4.99,200.4,"$1,000.00",Online,Gift Card,Joao Silva,Lisbon
10630,12/13/2022,Burgers,$12.99,569.67,"$7,400.01",Online,Cash,Joao Silva,Lisbon
10631,12/13/2022,Chicken Sandwiches,$9.95,201.01,"$2,000.05",Online,Gift Card,Joao Silva,Lisbon
10632,12/13/2022,Fries,$3.49,630.37,"$2,199.99",Online,Gift Card,Joao Silva,Lisbon
10633,12/13/2022,Beverages,$2.95,677.97,"$2,000.01",Online,Gift Card,Joao Silva,Lisbon
10634,12/13/2022,Sides & Other,$4.99,200.4,"$1,000.00",Online,Gift Card,Joao Silva,Lisbon
10635,12/14/2022,Burgers,$12.99,554.27,"$7,199.97",Online,Gift Card,Joao Silva,Lisbon
10636,12/14/2022,Chicken Sandwiches,$9.95,221.11,"$2,200.04",Online,Gift Card,Joao Silva,Lisbon
10637,12/14/2022,Fries,$3.49,630.37,"$2,199.99",Online,Gift Card,Joao Silva,Lisbon
10638,12/14/2022,Beverages,$2.95,677.97,"$2,000.01",Online,Gift Card,Joao Silva,Lisbon
10639,12/14/2022,Sides & Other,$4.99,200.4,"$1,000.00",Online,Gift Card,Joao Silva,Lisbon
10640,12/15/2022,Burgers,$12.99,538.88,"$7,000.05",Online,Gift Card,Joao Silva,Lisbon
10641,12/15/2022,Chicken Sandwiches,$9.95,221.11,"$2,200.04",Online,Gift Card,Joao Silva,Lisbon
10642,12/15/2022,Fries,$3.49,630.37,"$2,199.99",Online,Cash,Joao Silva,Lisbon
10643,12/15/2022,Beverages,$2.95,677.97,"$2,000.01",Online,Cash,Joao Silva,Lisbon
10644,12/15/2022,Sides & Other,$4.99,200.4,"$1,000.00",Online,Cash,Joao Silva,Lisbon
10645,12/16/2022,Burgers,$12.99,569.67,"$7,400.01",Online,Cash,Joao Silva,Lisbon
10646,12/16/2022,Chicken Sandwiches,$9.95,221.11,"$2,200.04",Online,Cash,Joao Silva,Lisbon
10647,12/16/2022,Fries,$3.49,630.37,"$2,199.99",Online,Gift Card,Joao Silva,Lisbon
10648,12/16/2022,Beverages,$2.95,745.76,"$2,199.99",Online,Gift Card,Joao Silva,Lisbon
10649,12/16/2022,Sides & Other,$4.99,200.4,"$1,000.00",Online,Gift Card,Joao Silva,Lisbon
10650,12/17/2022,Burgers,$12.99,585.07,"$7,600.06",Online,Gift Card,Joao Silva,Lisbon
10651,12/17/2022,Chicken Sandwiches,$9.95,221.11,"$2,200.04",Online,Gift Card,Joao Silva,Lisbon
10652,12/17/2022,Fries,$3.49,687.68,"$2,400.00",Online,Gift Card,Joao Silva,Lisbon
10653,12/17/2022,Beverages,$2.95,745.76,"$2,199.99",Online,Gift Card,Joao Silva,Lisbon
10654,12/17/2022,Sides & Other,$4.99,200.4,"$1,000.00",Online,Gift Card,Joao Silva,Lisbon
10655,12/18/2022,Burgers,$12.99,600.46,"$7,799.98",Online,Gift Card,Joao Silva,Lisbon
10656,12/18/2022,Chicken Sandwiches,$9.95,221.11,"$2,200.04",Online,Gift Card,Joao Silva,Lisbon
10657,12/18/2022,Fries,$3.49,687.68,"$2,400.00",Online,Gift Card,Joao Silva,Lisbon
10658,12/18/2022,Beverages,$2.95,745.76,"$2,199.99",Online,Cash,Joao Silva,Lisbon
10659,12/18/2022,Sides & Other,$4.99,200.4,"$1,000.00",Online,Cash,Joao Silva,Lisbon
10660,12/19/2022,Burgers,$12.99,631.25,"$8,199.94",In-Store,Cash,Joao Silva,Lisbon
10661,12/19/2022,Chicken Sandwiches,$9.95,221.11,"$2,200.04",In-Store,Cash,Joao Silva,Lisbon
10662,12/19/2022,Fries,$3.49,630.37,"$2,199.99",In-Store,Cash,Joao Silva,Lisbon
10663,12/19/2022,Beverages,$2.95,745.76,"$2,199.99",In-Store,Cash,Joao Silva,Lisbon
10664,12/19/2022,Sides & Other,$4.99,200.4,"$1,000.00",In-Store,Cash,Joao Silva,Lisbon
10665,12/20/2022,Burgers,$12.99,646.65,"$8,399.98",In-Store,Cash,Joao Silva,Lisbon
10666,12/20/2022,Chicken Sandwiches,$9.95,221.11,"$2,200.04",In-Store,Cash,Joao Silva,Lisbon
10667,12/20/2022,Fries,$3.49,630.37,"$2,199.99",In-Store,Cash,Joao Silva,Lisbon
10668,12/20/2022,Beverages,$2.95,745.76,"$2,199.99",In-Store,Cash,Joao Silva,Lisbon
10669,12/20/2022,Sides & Other,$4.99,200.4,"$1,000.00",In-Store,Cash,Joao Silva,Lisbon
10670,12/21/2022,Burgers,$12.99,677.44,"$8,799.95",In-Store,Cash,Joao Silva,Lisbon
10671,12/21/2022,Chicken Sandwiches,$9.95,221.11,"$2,200.04",In-Store,Cash,Joao Silva,Lisbon
10672,12/21/2022,Fries,$3.49,630.37,"$2,199.99",In-Store,Cash,Joao Silva,Lisbon
10673,12/21/2022,Beverages,$2.95,745.76,"$2,199.99",In-Store,Cash,Joao Silva,Lisbon
10674,12/21/2022,Sides & Other,$4.99,200.4,"$1,000.00",In-Store,Cash,Joao Silva,Lisbon
10675,12/22/2022,Burgers,$12.99,677.44,"$8,799.95",In-Store,Cash,Joao Silva,Lisbon
10676,12/22/2022,Chicken Sandwiches,$9.95,241.21,"$2,400.04",In-Store,Cash,Joao Silva,Lisbon
10677,12/22/2022,Fries,$3.49,630.37,"$2,199.99",In-Store,Cash,Joao Silva,Lisbon
10678,12/22/2022,Beverages,$2.95,745.76,"$2,199.99",In-Store,Cash,Joao Silva,Lisbon
10679,12/22/2022,Sides & Other,$4.99,200.4,"$1,000.00",In-Store,Cash,Joao Silva,Lisbon
10680,12/23/2022,Burgers,$12.99,646.65,"$8,399.98",In-Store,Cash,Joao Silva,Lisbon
10681,12/23/2022,Chicken Sandwiches,$9.95,241.21,"$2,400.04",In-Store,Cash,Joao Silva,Lisbon
10682,12/23/2022,Fries,$3.49,630.37,"$2,199.99",In-Store,Cash,Joao Silva,Lisbon
10683,12/23/2022,Beverages,$2.95,677.97,"$2,000.01",In-Store,Cash,Joao Silva,Lisbon
10684,12/23/2022,Sides & Other,$4.99,200.4,"$1,000.00",In-Store,Cash,Joao Silva,Lisbon
10685,12/24/2022,Burgers,$12.99,677.44,"$8,799.95",In-Store,Cash,Joao Silva,Lisbon
10686,12/24/2022,Chicken Sandwiches,$9.95,241.21,"$2,400.04",In-Store,Cash,Joao Silva,Lisbon
10687,12/24/2022,Fries,$3.49,630.37,"$2,199.99",In-Store,Cash,Walter Muller,Berlin
10688,12/24/2022,Beverages,$2.95,677.97,"$2,000.01",In-Store,Cash,Walter Muller,Berlin
10689,12/24/2022,Sides & Other,$4.99,200.4,"$1,000.00",In-Store,Cash,Walter Muller,Berlin
10690,12/25/2022,Burgers,$12.99,677.44,"$8,799.95",In-Store,Cash,Walter Muller,Berlin
10691,12/25/2022,Chicken Sandwiches,$9.95,261.31,"$2,600.03",In-Store,Cash,Walter Muller,Berlin
10692,12/25/2022,Fries,$3.49,630.37,"$2,199.99",In-Store,Cash,Walter Muller,Berlin
10693,12/25/2022,Beverages,$2.95,677.97,"$2,000.01",In-Store,Cash,Walter Muller,Berlin
10694,12/25/2022,Sides & Other,$4.99,200.4,"$1,000.00",In-Store,Cash,Walter Muller,Berlin
10695,12/26/2022,Burgers,$12.99,692.84,"$8,999.99",In-Store,Cash,Walter Muller,Berlin
10696,12/26/2022,Chicken Sandwiches,$9.95,281.41,"$2,800.03",In-Store,Cash,Walter Muller,Berlin
10697,12/26/2022,Fries,$3.49,630.37,"$2,199.99",In-Store,Cash,Walter Muller,Berlin
10698,12/26/2022,Beverages,$2.95,677.97,"$2,000.01",In-Store,Cash,Walter Muller,Berlin
10699,12/26/2022,Sides & Other,$4.99,200.4,"$1,000.00",In-Store,Cash,Walter Muller,Berlin
10700,12/27/2022,Burgers,$12.99,692.84,"$8,999.99",In-Store,Cash,Walter Muller,Berlin
10701,12/27/2022,Chicken Sandwiches,$9.95,281.41,"$2,800.03",In-Store,Cash,Walter Muller,Berlin
10702,12/27/2022,Fries,$3.49,630.37,"$2,199.99",In-Store,Cash,Walter Muller,Berlin
10703,12/27/2022,Beverages,$2.95,677.97,"$2,000.01",In-Store,Gift Card,Walter Muller,Berlin
10704,12/27/2022,Sides & Other,$4.99,200.4,"$1,000.00",Drive-Thru,Gift Card,Walter Muller,Berlin
10705,12/28/2022,Burgers,$12.99,723.63,"$9,399.95",Drive-Thru,Gift Card,Walter Muller,Berlin
10706,12/28/2022,Chicken Sandwiches,$9.95,301.51,"$3,000.02",Drive-Thru,Gift Card,Walter Muller,Berlin
10707,12/28/2022,Fries,$3.49,630.37,"$2,199.99",Drive-Thru,Gift Card,Walter Muller,Berlin
10708,12/28/2022,Beverages,$2.95,677.97,"$2,000.01",Drive-Thru,Gift Card,Walter Muller,Berlin
10709,12/28/2022,Sides & Other,$4.99,200.4,"$1,000.00",Drive-Thru,Gift Card,Walter Muller,Berlin
10710,12/29/2022,Burgers,$12.99,754.43,"$9,800.05",Drive-Thru,Gift Card,Walter Muller,Berlin
10711,12/29/2022,Chicken Sandwiches,$9.95,281.41,"$2,800.03",Drive-Thru,Gift Card,Walter Muller,Berlin
10712,12/29/2022,Fries,$3.49,630.37,"$2,199.99",Drive-Thru,Gift Card,Walter Muller,Berlin
10713,12/29/2022,Beverages,$2.95,677.97,"$2,000.01",Drive-Thru,Gift Card,Walter Muller,Berlin
